-- init_seed_habit.sql
-- Insère les données de démarrage dans le schéma habit

SET search_path TO habit, public;

-- DOMAINS
INSERT INTO domains (id, key, name, icon, order_index) VALUES
  (1, 'health',    'Santé & Sport',        '💪', 1),
  (2, 'work',      'Travail & Projets',    '💼', 2),
  (3, 'money',     'Finances',             '💰', 3),
  (4, 'mindset',   'Esprit & Connaissance','🧠', 4),
  (5, 'relations', 'Relations & Social',   '🤝', 5),
  (6, 'home',      'Maison & Vie perso',   '🏡', 6)
ON CONFLICT (id) DO NOTHING;

-- REWARDS
INSERT INTO rewards (id, title, cost_xp, is_active) VALUES
  (1, 'Badge Bronze', 100, true),
  (2, 'Badge Argent', 250, true),
  (3, 'Badge Or',     500, true)
ON CONFLICT (id) DO NOTHING;

-- TASK TEMPLATES
-- (corrigé : virgule manquante après la 2e ligne + unités cohérentes)
INSERT INTO task_templates (id, title, domain_id, default_xp, default_points, unit, is_active) VALUES
  (1,  'Séance de sport (45 min)',             1, 10, 10, 'min', true),
  (2,  'Boire 2L d’eau',                       1, 5,  5,  'L',   true),
  (3,  'Avancer un projet pro',                2, 10, 10, NULL,  true),
  (4,  'Apprendre une nouvelle compétence',    2, 15, 15, NULL,  true),
  (5,  'Épargner 20 €',                        3, 10, 10, '€',   true),
  (6,  'Suivi budget perso',                   3, 5,  5,  NULL,  true),
  (7,  'Lecture 30 min',                       4, 10, 10, 'min', true),
  (8,  'Méditation 10 min',                    4, 5,  5,  'min', true),
  (9,  'Appeler un ami',                       5, 10, 10, NULL,  true),
  (10, 'Soirée en famille',                    5, 15, 15, NULL,  true),
  (11, 'Rangement 15 min',                     6, 5,  5,  'min', true),
  (12, 'Préparer ses repas',                   6, 10, 10, NULL,  true)
ON CONFLICT (id) DO NOTHING;

-- (Optionnel) réalignement des séquences/identities sur le max(id)
-- Utile si tes colonnes id sont en GENERATED BY DEFAULT/ALWAYS AS IDENTITY
DO
$$
DECLARE
    rec RECORD;
    seq_name text;
    max_id bigint;
BEGIN
    FOR rec IN
        SELECT 'domains' AS tbl
        UNION ALL SELECT 'rewards'
        UNION ALL SELECT 'task_templates'
    LOOP
        -- Récupérer la séquence liée (fonctionne pour SERIAL/IDENTITY)
        SELECT pg_get_serial_sequence('habit.' || rec.tbl, 'id') INTO seq_name;
        IF seq_name IS NOT NULL THEN
            EXECUTE format('SELECT COALESCE(MAX(id), 0) FROM habit.%I', rec.tbl) INTO max_id;
            EXECUTE format('SELECT setval(%L, %s, true);', seq_name, max_id);
        END IF;
    END LOOP;
END
$$;
